{"cameraMode":{"drawMode":0,"name":"Shaded","section":"Shading Mode"},"sceneLighting":true,"audioPlay":false,"sceneViewState":{"m_AlwaysRefresh":false,"showFog":true,"showSkybox":true,"showFlares":true,"showImageEffects":true,"showParticleSystems":true,"showVisualEffectGraphs":true,"m_FxEnabled":true},"in2DMode":false,"pivot":{"x":-1.161447525024414,"y":2.1671767234802248,"z":0.3275562524795532},"rotation":{"x":-0.33363303542137148,"y":0.044898759573698047,"z":-0.014369558542966843,"w":-0.9423471093177795},"size":3.2964353561401369,"orthographic":false}