{"cameraMode":{"drawMode":0,"name":"Shaded","section":"Shading Mode"},"sceneLighting":false,"audioPlay":false,"sceneViewState":{"m_AlwaysRefresh":false,"showFog":true,"showSkybox":false,"showFlares":true,"showImageEffects":true,"showParticleSystems":true,"showVisualEffectGraphs":true,"m_FxEnabled":true},"in2DMode":false,"pivot":{"x":-21.192100524902345,"y":1.4134284257888795,"z":-15.691804885864258},"rotation":{"x":0.23407799005508424,"y":-0.14299820363521577,"z":0.03450365364551544,"w":0.9613330960273743},"size":268.21014404296877,"orthographic":false}